{"cameraMode":{"drawMode":0,"name":"Shaded","section":"Shading Mode"},"sceneLighting":true,"audioPlay":false,"sceneViewState":{"showFog":true,"showMaterialUpdate":true,"showSkybox":true,"showFlares":true,"showImageEffects":true,"showParticleSystems":true},"in2DMode":false,"pivot":{"x":32.6402702331543,"y":-18.90484619140625,"z":41.228759765625},"rotation":{"x":0.3718482255935669,"y":0.0022259654942899944,"z":-0.0008919821702875197,"w":0.928291380405426},"size":64.53813934326172,"orthographic":false}